{
    "accuracy": 0.8568971870777545,
    "precision": 0.6762257169287696,
    "recall": 0.7586922677737415,
    "f1": 0.715089263878699,
    "auc": 0.92023690082274
}