{
    "accuracy": 0.8607050730868444,
    "precision": 0.6845044206607724,
    "recall": 0.7633627400103788,
    "f1": 0.7217860647693818,
    "auc": 0.9205402151159752
}